7.359888308981770155e-01,-6.828387872150892823e-02,1.000000000000000000e+00
-5.082640785334330280e-02,7.469336342474739432e-01,1.000000000000000000e+00
1.693921149633357048e+00,4.813376138613232325e-01,1.000000000000000000e+00
-1.138700155189308116e+00,-4.629433221612460070e-01,-1.000000000000000000e+00
7.792534607798566881e-01,8.029816470389115890e-02,1.000000000000000000e+00
2.634685997244001765e-01,7.299386949246913225e-01,1.000000000000000000e+00
-7.775797678915277178e-01,5.453174346872111666e-01,1.000000000000000000e+00
6.234954929830166526e-02,1.373623891760390681e+00,1.000000000000000000e+00
6.334222458386554733e-01,1.000425160667522739e+00,1.000000000000000000e+00
-2.239478832860271329e-01,-3.622099798726375885e-01,-1.000000000000000000e+00
-1.855658806882823919e-01,-3.562124400594701701e-01,-1.000000000000000000e+00
9.603399388629896283e-01,6.183556032429169402e-01,1.000000000000000000e+00
1.095322472891093080e+00,1.402625387129673884e+00,1.000000000000000000e+00
-4.365027723751271210e-02,-5.529261109277985309e-01,-1.000000000000000000e+00
3.368319834513040512e-01,-1.128915642223194959e+00,-1.000000000000000000e+00
-3.414044462780061462e-01,-7.717848239144672329e-01,-1.000000000000000000e+00
-3.490192987723984563e-01,-1.051913992646029278e-01,-1.000000000000000000e+00
9.301137911435634065e-01,1.423932492789041104e+00,1.000000000000000000e+00
-2.707364411943615767e-01,-3.152705532162495827e-01,-1.000000000000000000e+00
-2.370489071523852187e-01,4.522526064272857083e-01,1.000000000000000000e+00
1.080524992022830144e+00,-1.321115108286935902e+00,-1.000000000000000000e+00
1.544039862600755875e+00,5.641177126529114405e-01,1.000000000000000000e+00
-2.523308293992584939e-02,-1.383288922477439731e-01,-1.000000000000000000e+00
-9.217059254582871120e-02,-1.291053942710435498e+00,-1.000000000000000000e+00
-4.647516549053094526e-01,4.426042376331110750e-01,1.000000000000000000e+00
-1.054284143277231856e+00,1.854989462622873286e-02,-1.000000000000000000e+00
1.524613679319949400e-01,1.651335431855409208e+00,1.000000000000000000e+00
-1.384934284066669186e+00,-2.720460425608273725e-01,-1.000000000000000000e+00
-2.600014366434795221e-01,1.212743209123231525e+00,1.000000000000000000e+00
1.996508134212392205e-01,-8.167050344868173051e-01,-1.000000000000000000e+00
1.195290531824747093e+00,1.025227932580901280e+00,1.000000000000000000e+00
4.505492536816900762e-01,7.246777059031901391e-01,1.000000000000000000e+00
-8.594364463583067382e-01,1.329147037939096276e-02,-1.000000000000000000e+00
-4.345437875309009490e-01,-1.241720363675940630e+00,-1.000000000000000000e+00
-3.632437740416701866e-01,7.086218167361504339e-01,1.000000000000000000e+00
9.216942073640524979e-01,-3.021362470450352777e-01,1.000000000000000000e+00
9.213835550541569219e-01,8.741746853364531500e-01,1.000000000000000000e+00
1.597767662138444900e+00,-9.072893862140182786e-02,1.000000000000000000e+00
1.099775707458753971e+00,5.698047371517044324e-01,1.000000000000000000e+00
5.231114387156182710e-01,1.596901166034428776e+00,1.000000000000000000e+00
-1.932748814594591746e-01,4.181405780696976215e-01,1.000000000000000000e+00
1.437560843057470894e+00,-3.190533940759697762e-01,1.000000000000000000e+00
3.616690147664547439e-01,9.694563189186122809e-01,1.000000000000000000e+00
7.385884663423409879e-01,6.130089267051866964e-01,1.000000000000000000e+00
2.655679958333188040e-01,1.147691500337824522e+00,1.000000000000000000e+00
-6.883195343916830300e-01,6.085554725705294432e-01,1.000000000000000000e+00
9.502941060028337050e-01,-1.174706329717875697e+00,-1.000000000000000000e+00
4.158690486234518646e-01,-6.839468337476374282e-01,-1.000000000000000000e+00
2.218939116447420090e-02,-1.006398718685164839e+00,-1.000000000000000000e+00
6.058589685486134302e-01,1.545155160269352068e+00,1.000000000000000000e+00
1.365570358767553172e+00,-8.180352856763218883e-01,-1.000000000000000000e+00
-3.206117975799360198e-01,-2.450816520801647747e-01,-1.000000000000000000e+00
3.079740015424167199e-01,1.508645856121408613e-02,1.000000000000000000e+00
-3.093871114220592133e-01,-1.284242892878648235e+00,-1.000000000000000000e+00
1.915984988644087450e-01,7.799390514128153873e-01,1.000000000000000000e+00
3.152015478155805184e-01,7.183105473930025131e-02,1.000000000000000000e+00
-9.878682990996580093e-01,5.336832087475623654e-03,-1.000000000000000000e+00
2.909506915973724128e-01,7.222931709711216675e-01,1.000000000000000000e+00
-1.623153544005135451e+00,-1.598761874527428184e-02,-1.000000000000000000e+00
-2.560799892684580414e-01,-2.614626919113333114e-01,-1.000000000000000000e+00
8.658365026871729653e-02,9.670267896075036840e-02,1.000000000000000000e+00
-2.501752616093342318e-01,-2.640241979864819677e-01,-1.000000000000000000e+00
1.799744149063237098e-02,1.602560807595061754e-01,1.000000000000000000e+00
1.158780061373628545e+00,9.251641032767521367e-01,1.000000000000000000e+00
1.276969871589692884e+00,1.507517562096050145e-01,1.000000000000000000e+00
-2.692833509375247569e-01,1.441704973542491608e+00,1.000000000000000000e+00
-5.939603742182236745e-02,2.834231082946347957e-01,1.000000000000000000e+00
-2.058607195886798247e-02,-1.022286232978571352e+00,-1.000000000000000000e+00
1.438025253513764978e-01,3.618309600505558166e-01,1.000000000000000000e+00
8.494850588269372560e-01,-3.814722627226138640e-03,1.000000000000000000e+00
-1.142657415568882229e+00,-3.645305048529664527e-01,-1.000000000000000000e+00
8.811142202313932970e-01,-3.177961713461903426e-02,1.000000000000000000e+00
-3.507094017821435483e-02,-1.140442931651129976e+00,-1.000000000000000000e+00
-4.739234521938975320e-01,5.493275920392647338e-01,1.000000000000000000e+00
-1.843717232032368869e-01,2.810236992239883991e-01,1.000000000000000000e+00
-5.917663160618277240e-01,-1.934240991442045254e-01,-1.000000000000000000e+00
1.222874498232407181e-01,-5.190029088731674678e-01,-1.000000000000000000e+00
-9.902018379398486170e-02,3.165977218552282757e-01,1.000000000000000000e+00
7.041085340267448922e-01,1.336712561731320692e+00,1.000000000000000000e+00
-5.489351862929610082e-01,-3.667424990837204746e-01,-1.000000000000000000e+00
-3.737714266440123057e-01,-2.912045109476490423e-01,-1.000000000000000000e+00
1.280776744091357777e+00,-3.912904893906880011e-01,1.000000000000000000e+00
8.154126978934357339e-01,-1.273735695097802378e-01,1.000000000000000000e+00
-9.111023887220340289e-02,2.632800920965701064e-01,1.000000000000000000e+00
5.025176361078841358e-01,1.701605649986023927e+00,1.000000000000000000e+00
8.841334001735710046e-01,-8.264632986345901156e-01,-1.000000000000000000e+00
1.045729316445766166e+00,1.076614921012064435e-01,1.000000000000000000e+00
-2.609910912613936373e-01,9.125450520044460223e-01,1.000000000000000000e+00
1.102030851982862325e+00,9.837018523081589860e-01,1.000000000000000000e+00
-1.994815109935167974e-01,-2.266378781630037365e-01,-1.000000000000000000e+00
6.918761106783402060e-01,1.786264402732037904e-01,1.000000000000000000e+00
2.618499738265163412e-02,1.395945434580750377e-01,1.000000000000000000e+00
-1.610886195106367991e-01,-2.141246799547272261e-01,-1.000000000000000000e+00
1.138221688067455606e+00,2.517868844764810099e-01,1.000000000000000000e+00
1.332132733329381424e-01,1.725074603441603571e+00,1.000000000000000000e+00
1.183396390280246901e+00,1.124310270882695306e+00,1.000000000000000000e+00
6.728646155816467855e-01,1.441218437213608761e+00,1.000000000000000000e+00
1.352241703828676034e-01,1.393300962644662966e-01,1.000000000000000000e+00
-2.911752131444934610e-01,1.320915624853976178e+00,1.000000000000000000e+00
-3.392201785402522707e-01,-2.389361313809880427e-01,-1.000000000000000000e+00
-1.352753774259093378e-01,3.923776669513429072e-01,1.000000000000000000e+00
7.749328406332738339e-01,-1.384413835174178597e+00,-1.000000000000000000e+00
1.101393849323675511e-01,-8.519858290697043257e-01,-1.000000000000000000e+00
6.320496598719543835e-01,-1.579151603739943344e+00,-1.000000000000000000e+00
-2.051542531685406623e-01,-4.530065211228302413e-01,-1.000000000000000000e+00
-1.560642134726937913e+00,3.908066810704308169e-01,-1.000000000000000000e+00
1.201216740913178815e-01,-9.036394759751013028e-01,-1.000000000000000000e+00
1.544479377163821887e+00,-6.048901904323522594e-02,1.000000000000000000e+00
1.124406844711232090e+00,2.362244977348660069e-01,1.000000000000000000e+00
6.603093978577131429e-01,2.015486985305884327e-01,1.000000000000000000e+00
-9.424525042520284779e-02,3.206515297150673849e-01,1.000000000000000000e+00
1.161683082080040119e+00,7.064967776436809066e-01,1.000000000000000000e+00
-7.520742115034736441e-01,1.578673022226921574e-01,-1.000000000000000000e+00
-4.966365933020305823e-01,-7.228618692209172192e-01,-1.000000000000000000e+00
-1.071989728141361509e+00,-4.050181120448325123e-01,-1.000000000000000000e+00
-3.878251811631012735e-01,-1.053367695866730819e-01,-1.000000000000000000e+00
-4.212514141656988897e-01,-4.487927756893603237e-02,-1.000000000000000000e+00
1.474488008073060741e-01,-1.520108897528160030e+00,-1.000000000000000000e+00
3.330137014641059157e-01,1.628219936467256268e+00,1.000000000000000000e+00
2.332809376572132776e-01,-1.123737892548869244e+00,-1.000000000000000000e+00
1.230559050058114723e+00,6.728039200878254134e-01,1.000000000000000000e+00
-1.627410698575294801e-02,9.563334651451813606e-01,1.000000000000000000e+00
5.155985085615810704e-01,-5.158683317294175952e-01,-1.000000000000000000e+00
1.199279908999688837e+00,3.501762324706843010e-01,1.000000000000000000e+00
-2.571228220401586828e-01,1.109532998525452063e+00,1.000000000000000000e+00
-6.959086534971989924e-01,-3.404542218634966089e-01,-1.000000000000000000e+00
-6.191182846160506736e-01,-4.103050539534666141e-01,-1.000000000000000000e+00
6.956300461288408843e-03,1.737921895323045196e-01,1.000000000000000000e+00
-9.563437156625026470e-01,-2.604570369376277839e-01,-1.000000000000000000e+00
9.046973708225602984e-02,-2.565171989858002766e-01,-1.000000000000000000e+00
-4.284894594382948618e-02,2.202087778923337014e-01,1.000000000000000000e+00
-2.259818193020052546e-01,6.510508114785464873e-01,1.000000000000000000e+00
-2.277331330083070815e-01,-1.642389567410730833e-01,-1.000000000000000000e+00
1.280033658885477488e+00,2.388065152061203678e-01,1.000000000000000000e+00
-1.263408865267217074e+00,-4.706260759025804319e-01,-1.000000000000000000e+00
9.015034816929123895e-01,1.588033973495797779e+00,1.000000000000000000e+00
7.772357278651478296e-01,2.184565776891124744e-01,1.000000000000000000e+00
-4.491924284329466832e-02,-4.948638667008675718e-01,-1.000000000000000000e+00
1.029044888234497801e+00,1.426730825689750404e+00,1.000000000000000000e+00
5.313065587374488086e-03,-1.289303534310962673e+00,-1.000000000000000000e+00
1.217612956244929601e+00,-2.587099504563533658e-01,1.000000000000000000e+00
-9.084894117650202938e-01,-2.563817720225051167e-01,-1.000000000000000000e+00
1.103063589496480645e+00,-1.182697584027577964e+00,-1.000000000000000000e+00
-8.800080820677988469e-02,3.129508372388990489e-01,1.000000000000000000e+00
-6.657806361364063674e-01,-5.167576282068163662e-01,-1.000000000000000000e+00
3.261234523688004705e-01,-4.564648634563245322e-01,-1.000000000000000000e+00
-2.564156068895503959e-02,-3.985346622346733758e-01,-1.000000000000000000e+00
-1.192512353870740505e-01,-1.478934993682207710e-01,-1.000000000000000000e+00
-1.580899414458081020e+00,2.270925939349799083e-01,-1.000000000000000000e+00
-3.980242048631932317e-01,-8.434048107642273528e-01,-1.000000000000000000e+00
1.722812378007569700e+00,1.469338384477926751e-01,1.000000000000000000e+00
-8.166712047106692296e-01,-4.849501696449247667e-01,-1.000000000000000000e+00
-1.398642188341768788e-01,-3.749592010682667453e-01,-1.000000000000000000e+00
-1.828415614953294022e-01,-1.257874878341226355e-01,-1.000000000000000000e+00
4.856383831075611335e-01,-1.550196820912937756e+00,-1.000000000000000000e+00
3.737254172626372495e-02,-8.704662499207181936e-01,-1.000000000000000000e+00
5.817592946329416259e-01,-1.605975158214858256e+00,-1.000000000000000000e+00
1.894885543650951520e-01,5.178388961524020839e-01,1.000000000000000000e+00
-1.463800004212451322e-01,2.101968432685745458e-01,1.000000000000000000e+00
-5.885246277447567786e-01,-3.852537179686134072e-01,-1.000000000000000000e+00
3.641775657236322461e-01,-1.802678809655737346e+00,-1.000000000000000000e+00
1.758158738143877686e+00,5.188461116553809704e-01,1.000000000000000000e+00
-6.992115786671648792e-01,5.271439923731741084e-02,-1.000000000000000000e+00
9.911539648392281299e-01,-9.952618398209771566e-01,-1.000000000000000000e+00
2.870579661677200023e-02,-4.154467103740400180e-01,-1.000000000000000000e+00
-3.778944389495789702e-01,-4.302376994937160415e-01,-1.000000000000000000e+00
-4.822533188560712558e-01,-6.055475614865643008e-01,-1.000000000000000000e+00
-4.231650481418488541e-01,-6.642586596668621501e-01,-1.000000000000000000e+00
2.197059462002668995e-01,1.718888934116541201e+00,1.000000000000000000e+00
1.148399257991870703e+00,1.215973794346092207e+00,1.000000000000000000e+00
1.182992014624997257e-01,-4.686323789378362692e-01,-1.000000000000000000e+00
-1.139467063594722385e+00,-1.757371872702470084e-01,-1.000000000000000000e+00
-1.740915838374476887e-01,-2.955724167219416221e-01,-1.000000000000000000e+00
-1.854832525532415510e-01,-1.481229063156426440e+00,-1.000000000000000000e+00
-3.342159069098898927e-01,-7.522320194668374871e-01,-1.000000000000000000e+00
-4.679147987389918883e-01,9.719600081531669655e-01,1.000000000000000000e+00
-2.355316417516431504e-01,-2.573014812923475336e-01,-1.000000000000000000e+00
7.843953770065840991e-02,1.425547679399982837e+00,1.000000000000000000e+00
6.539750260339910470e-01,5.917672295982816522e-01,1.000000000000000000e+00
-1.197207895063069211e-01,-9.923053494742063718e-02,-1.000000000000000000e+00
-6.514663981910062684e-01,4.836152104854113398e-01,1.000000000000000000e+00
-1.710295834390749004e-01,1.054219473224024650e+00,1.000000000000000000e+00
-1.960593407090429896e-01,-2.332781740738072151e-01,-1.000000000000000000e+00
7.808811516482131454e-01,-1.332548199681412027e-01,1.000000000000000000e+00
5.917242459146457301e-02,1.327808121213588932e-01,1.000000000000000000e+00
1.915689647037499554e-02,-7.450033904616047975e-01,-1.000000000000000000e+00
4.137080634640293297e-01,1.134035981528433323e+00,1.000000000000000000e+00
-1.060956009464212868e-01,6.885228612174019158e-01,1.000000000000000000e+00
4.452725502903833732e-01,1.433973174398406769e+00,1.000000000000000000e+00
-8.107074727817349391e-01,3.906819078920142907e-02,-1.000000000000000000e+00
-3.464745878712313099e-01,-6.186323502761841286e-01,-1.000000000000000000e+00
2.780188930451946844e-02,1.329848058827013957e-01,1.000000000000000000e+00
3.773570994266929324e-01,1.020066356788098538e+00,1.000000000000000000e+00
9.069461091868439295e-01,1.121629235491363508e+00,1.000000000000000000e+00
-1.262195434376120806e+00,8.005227790884694716e-02,-1.000000000000000000e+00
9.364493508573594749e-01,8.944981735421796420e-01,1.000000000000000000e+00
-4.355036977485502447e-01,-7.901192089721503775e-01,-1.000000000000000000e+00
-1.152449711338099148e+00,2.642511682424125707e-01,-1.000000000000000000e+00
6.501564217975601689e-01,-3.772713718007314476e-02,1.000000000000000000e+00
6.068238658239337724e-01,3.377297429360294756e-01,1.000000000000000000e+00
3.755289986478166364e-01,3.861511542137217035e-01,1.000000000000000000e+00
1.140831103764859966e-01,-1.979569508502482256e-01,-1.000000000000000000e+00
3.423273131935774538e-01,1.645418317595086721e+00,1.000000000000000000e+00
-1.395241852566209417e-01,3.105557813591268701e-01,1.000000000000000000e+00
-6.365537360669673017e-01,6.101880337617627825e-01,1.000000000000000000e+00
-5.668527634092509343e-02,-7.972277825260045692e-01,-1.000000000000000000e+00
-6.278657704759365021e-01,-3.324069871952146926e-02,-1.000000000000000000e+00
-4.964254315098387549e-01,-1.845634351883173596e-01,-1.000000000000000000e+00
-5.101772855396492501e-01,-6.970124689521763894e-01,-1.000000000000000000e+00
-5.326224874656083630e-01,-1.177778006098285646e-01,-1.000000000000000000e+00
-8.914956752725777811e-02,3.576271935585820794e-01,1.000000000000000000e+00
-1.507316641384549571e+00,-3.323276721093392228e-01,-1.000000000000000000e+00
-2.419673407185767566e-01,3.772301821049207637e-01,1.000000000000000000e+00
-1.574658797585450354e-01,-1.611884189707927795e-01,-1.000000000000000000e+00
-7.171080568495810104e-01,-5.333629383499430832e-01,-1.000000000000000000e+00
-2.764203838855681106e-01,-1.436942773257791295e+00,-1.000000000000000000e+00
-4.332242452187258230e-01,-1.350388912543874498e-01,-1.000000000000000000e+00
1.531412011372745852e+00,1.121033283651829082e+00,1.000000000000000000e+00
-4.389308108419042592e-02,-1.307742450893536468e+00,-1.000000000000000000e+00
7.767269320205121286e-01,-7.338348399305556491e-01,-1.000000000000000000e+00
1.777980548210621736e-01,-1.406901786757288830e+00,-1.000000000000000000e+00
3.142219944587663072e-01,1.427864207013866293e+00,1.000000000000000000e+00
7.889609213270327714e-01,4.001422579428385307e-01,1.000000000000000000e+00
-5.582745801350708081e-02,2.764818855967035027e-01,1.000000000000000000e+00
-5.229333432318095110e-01,-8.994902542033220705e-01,-1.000000000000000000e+00
-4.011154176520269621e-01,3.835565419285040800e-01,1.000000000000000000e+00
-5.998837844429877331e-01,6.148874100710011170e-01,1.000000000000000000e+00
6.780657684063576274e-02,-8.469457465022747211e-01,-1.000000000000000000e+00
-2.725315793440954426e-01,1.045807123519077564e+00,1.000000000000000000e+00
6.617907185842396567e-01,8.558337121017893789e-01,1.000000000000000000e+00
-4.857760271298268151e-01,-1.915662007420187996e-01,-1.000000000000000000e+00
-8.624173181079325401e-01,6.421037013419202966e-01,1.000000000000000000e+00
5.718148721216885777e-01,-1.486338966248870741e-01,1.000000000000000000e+00
6.627225903348851754e-02,-1.235798392503618226e+00,-1.000000000000000000e+00
-4.188566130748870853e-01,7.749477619219663493e-01,1.000000000000000000e+00
-8.012622117084869933e-01,-3.902239206081556944e-01,-1.000000000000000000e+00
7.126848145593136508e-01,1.598391227558060956e+00,1.000000000000000000e+00
7.703470779939277646e-01,3.117724663701857413e-01,1.000000000000000000e+00
4.616136634645732206e-01,5.839174733887564361e-01,1.000000000000000000e+00
5.685919647892899720e-01,-1.220133771490163666e+00,-1.000000000000000000e+00
-2.496789852063991122e-01,-1.056006023156495388e+00,-1.000000000000000000e+00
1.898595426522563245e-01,-1.364750374635075314e+00,-1.000000000000000000e+00
2.700004231514510078e-01,1.069555611006511642e+00,1.000000000000000000e+00
5.734015711575951579e-01,4.697695268824900738e-01,1.000000000000000000e+00
9.063641043612598036e-01,-3.073800213515861524e-01,1.000000000000000000e+00
1.941889059839215503e-01,-3.285604461993275605e-01,-1.000000000000000000e+00
9.748554586582424131e-01,6.589687583669950888e-01,1.000000000000000000e+00
7.325989501287662187e-02,9.845767928295673377e-02,1.000000000000000000e+00
1.063682591374438102e+00,1.382797718630451644e+00,1.000000000000000000e+00
-1.027393115593706607e+00,-2.143600617161778299e-02,-1.000000000000000000e+00
7.389134522092022372e-01,8.934763256721626190e-01,1.000000000000000000e+00
6.229754407068321953e-01,3.640204673210722941e-02,1.000000000000000000e+00
-1.383210931681336242e-02,1.556425953880000490e+00,1.000000000000000000e+00
8.289640311885351220e-01,-2.443644935605736312e-01,1.000000000000000000e+00
5.119133267003935783e-01,9.614601891016162361e-01,1.000000000000000000e+00
1.052223285770188310e+00,-2.452328523017393846e-01,1.000000000000000000e+00
3.934708354143401365e-01,-3.470296054129290431e-01,-1.000000000000000000e+00
-2.730092424442748245e-01,5.321411325867446696e-01,1.000000000000000000e+00
5.045624475772836348e-01,6.077432024714994885e-01,1.000000000000000000e+00
-3.918864702377636844e-01,-2.773216608104345227e-01,-1.000000000000000000e+00
-2.048095799173383913e-01,-2.400679148399885721e-01,-1.000000000000000000e+00
3.369001875041066629e-01,1.153638810589247221e+00,1.000000000000000000e+00
-1.143066165527632794e-02,2.224528772233482776e-01,1.000000000000000000e+00
-1.001531582198909032e+00,-3.433949212676146168e-03,-1.000000000000000000e+00
4.509133295347308445e-01,-1.214683317190758505e+00,-1.000000000000000000e+00
1.070243781550112683e+00,-3.749689853344116974e-01,1.000000000000000000e+00
-1.251705035212795636e+00,-3.840085539120226960e-02,-1.000000000000000000e+00
5.869441010651917923e-01,-1.247343541820346013e+00,-1.000000000000000000e+00
-1.352717979756271893e-01,1.281802279822095603e+00,1.000000000000000000e+00
1.282827256696656315e+00,8.889120471580382876e-01,1.000000000000000000e+00
2.327954195257294912e-01,5.872702070607892511e-01,1.000000000000000000e+00
-3.584199038199300524e-01,-1.161141372206747846e+00,-1.000000000000000000e+00
-1.974718889768025398e-01,8.692627710698892507e-01,1.000000000000000000e+00
1.071723456353457227e+00,-1.494662801614706771e+00,-1.000000000000000000e+00
-1.762838337246920295e-01,-5.212792874530769449e-01,-1.000000000000000000e+00
-2.026492024137297177e-01,3.554033166742575078e-01,1.000000000000000000e+00
1.280569600493572491e+00,5.835807400896114716e-01,1.000000000000000000e+00
-3.616407706230266861e-01,7.260339496762279188e-01,1.000000000000000000e+00
4.593133164332288132e-01,-1.284163967901850834e+00,-1.000000000000000000e+00
1.175600153024365380e+00,3.556572389009743373e-01,1.000000000000000000e+00
6.374745504926667694e-01,-1.779541163990671360e-01,1.000000000000000000e+00
-7.666090557905197445e-01,-4.067442548865106700e-01,-1.000000000000000000e+00
3.306753406678663021e-01,-1.161997273608912806e+00,-1.000000000000000000e+00
1.441520741115544235e-01,-3.383895673201762766e-01,-1.000000000000000000e+00
1.758502586705480708e-01,-4.712004133492172508e-01,-1.000000000000000000e+00
-9.624464513204039617e-02,1.314268289857765559e+00,1.000000000000000000e+00
-1.232703342100208044e+00,-4.977716428185902098e-01,-1.000000000000000000e+00
-9.307222329757973700e-01,-4.109801388867736494e-01,-1.000000000000000000e+00
8.610489289336612506e-01,8.329627340353574771e-01,1.000000000000000000e+00
-3.625594581442842523e-01,-3.347613417998676066e-01,-1.000000000000000000e+00
-4.559578917379798479e-01,-2.790289332434039427e-01,-1.000000000000000000e+00
9.974999132541979840e-02,9.619881599805965577e-02,1.000000000000000000e+00
2.853068027694913855e-01,1.327648494484361841e+00,1.000000000000000000e+00
7.824672033863990794e-01,8.484111257532566119e-01,1.000000000000000000e+00
-4.234210883091541477e-01,-8.974489006569181804e-01,-1.000000000000000000e+00
-2.480069023483119917e-01,-8.785343730739381130e-01,-1.000000000000000000e+00
-2.025669594024460118e-01,-2.251039269490391348e-01,-1.000000000000000000e+00
-3.640624695145099343e-01,-3.048398753308755316e-01,-1.000000000000000000e+00
6.106269129866316314e-01,2.273097663098250787e-01,1.000000000000000000e+00
-3.865136816647581908e-01,-4.311236710002075423e-01,-1.000000000000000000e+00
-1.315558890405572889e-02,-1.399342948060765757e+00,-1.000000000000000000e+00
-1.101696790053076525e+00,2.796625017279634751e-01,-1.000000000000000000e+00
-1.182275055470905500e-01,-2.314247091799780387e-01,-1.000000000000000000e+00
1.670187160538072202e-01,-4.749623106749620849e-01,-1.000000000000000000e+00
4.610430010920962829e-01,-1.631756621364890969e-02,1.000000000000000000e+00
7.866707196810657221e-02,-1.374709509046091682e+00,-1.000000000000000000e+00
2.853730076634735657e-01,3.886153768838499500e-01,1.000000000000000000e+00
6.815141100070208902e-01,7.909967807312497934e-01,1.000000000000000000e+00
-1.890432433314320759e-01,-1.370059160333678694e+00,-1.000000000000000000e+00
-5.465201003450353978e-01,-2.198816304508247610e-01,-1.000000000000000000e+00
3.723681983150582964e-01,-9.099026558437841583e-01,-1.000000000000000000e+00
-4.873519177011312875e-01,4.239761611217454096e-01,1.000000000000000000e+00
-2.077465691815512661e-01,-1.133124143735479705e-01,-1.000000000000000000e+00
7.273509631146970467e-01,5.720587134861617740e-01,1.000000000000000000e+00
-6.295318653914966367e-01,-3.618280626262004862e-01,-1.000000000000000000e+00
4.806400026235579936e-02,-7.353029089455928036e-01,-1.000000000000000000e+00
-4.593922523529944124e-01,4.491677930413402464e-01,1.000000000000000000e+00
3.455453305931497354e-01,-6.484362910376987310e-01,-1.000000000000000000e+00
5.379560004042904797e-01,3.186104892054260063e-01,1.000000000000000000e+00
1.301491967873584121e+00,1.039871373741634158e-01,1.000000000000000000e+00
-5.160828051705074193e-01,-3.338413753616893409e-01,-1.000000000000000000e+00
-7.636158679303739483e-01,-3.923654078530801614e-01,-1.000000000000000000e+00
-4.186185440614108577e-01,4.809644405304442927e-01,1.000000000000000000e+00
5.865572950861513979e-03,1.511731749728661978e+00,1.000000000000000000e+00
-7.056729799146529425e-01,3.795901234570714378e-03,-1.000000000000000000e+00
-4.949952556590856423e-01,5.438677958674166257e-01,1.000000000000000000e+00
1.211364840169475654e+00,-1.329106378040012082e+00,-1.000000000000000000e+00
-3.426295509596901656e-01,6.256223647673413435e-01,1.000000000000000000e+00
-6.073278856984305474e-01,-4.375163621497306643e-01,-1.000000000000000000e+00
7.106655922033006112e-02,1.245432935097172455e+00,1.000000000000000000e+00
1.000030115886577420e+00,8.816191751024352041e-02,1.000000000000000000e+00
3.481810519345820421e-01,-1.252944897217449505e+00,-1.000000000000000000e+00
1.279590485048528015e+00,1.419248106934430487e+00,1.000000000000000000e+00
-6.861456694663568834e-02,-1.617745342842079603e-01,-1.000000000000000000e+00
5.626777937447640099e-01,7.646208530924893942e-01,1.000000000000000000e+00
9.490070365967547827e-01,-6.772432405692817570e-01,-1.000000000000000000e+00
4.189731862902791315e-01,5.893255240663765326e-02,1.000000000000000000e+00
1.751110978480698299e-01,1.597392982000249928e+00,1.000000000000000000e+00
1.471018258220198327e-02,2.626372476350289920e-01,1.000000000000000000e+00
-8.742995291360922128e-02,4.480145764397048813e-01,1.000000000000000000e+00
6.352931734096669558e-01,-1.046296650687988661e-01,1.000000000000000000e+00
-5.858885062030425028e-02,6.863262038520099306e-01,1.000000000000000000e+00
7.786460274594292352e-02,-2.343505741253749108e-01,-1.000000000000000000e+00
8.431685374906299213e-01,9.970878956585829678e-02,1.000000000000000000e+00
-5.779308656851649406e-01,-3.293393883403380462e-01,-1.000000000000000000e+00
-2.581178436760223072e-01,-1.519978132308104080e+00,-1.000000000000000000e+00
-1.796241023324395281e-01,-1.196804369709696392e-01,-1.000000000000000000e+00
6.530216727470327109e-01,8.522104546773343614e-01,1.000000000000000000e+00
1.867757124543374669e-01,1.929018507284361861e-01,1.000000000000000000e+00
-3.544029158121322909e-02,1.005279010107290150e+00,1.000000000000000000e+00
9.118594151226955269e-01,-2.016982581535946839e-01,1.000000000000000000e+00
4.477920515341867747e-01,-1.577092478603106196e+00,-1.000000000000000000e+00
1.278558335200071117e+00,-4.032150094855286859e-01,1.000000000000000000e+00
-2.401201943029400432e-02,3.178455429788452080e-01,1.000000000000000000e+00
5.854284376641821774e-01,-8.639712488893235287e-01,-1.000000000000000000e+00
-1.606256831824256492e+00,1.112426043033778456e-01,-1.000000000000000000e+00
5.437649210304807967e-01,1.210908450738942821e-03,1.000000000000000000e+00
1.112364836610432728e-01,-1.215239682648409092e+00,-1.000000000000000000e+00
7.785164576965984962e-01,-1.157055713717871082e-01,1.000000000000000000e+00
8.232379553115326543e-01,4.403429781368608520e-01,1.000000000000000000e+00
-2.813728011185403499e-01,8.389067898624846809e-01,1.000000000000000000e+00
-1.820960153566948680e-01,5.404819042330659684e-01,1.000000000000000000e+00
1.064019027244420101e+00,-7.324546399087372706e-02,1.000000000000000000e+00
6.721325057251341661e-01,-1.510933831192462939e+00,-1.000000000000000000e+00
3.761996400753234715e-01,9.070557407660306826e-01,1.000000000000000000e+00
-6.364956500657508176e-01,-4.641152253618687773e-01,-1.000000000000000000e+00
3.045604002309616476e-01,-3.013057273295021155e-01,-1.000000000000000000e+00
-4.028189270358915053e-01,-5.219397708345481224e-01,-1.000000000000000000e+00
-8.618013168850968686e-01,-4.640474914485880342e-01,-1.000000000000000000e+00
-4.959085050363567504e-01,-2.887021359952875454e-01,-1.000000000000000000e+00
8.204438783390786138e-01,-1.217274836739051125e+00,-1.000000000000000000e+00
2.064981286009967831e-01,-1.192630506796597878e+00,-1.000000000000000000e+00
1.590001314399191124e+00,4.694363997850985459e-01,1.000000000000000000e+00
-2.254735966905605793e-01,-9.897147407069102343e-01,-1.000000000000000000e+00
2.259031195626634292e-01,2.227664843544307494e-01,1.000000000000000000e+00
4.914459138011759709e-01,1.187192861620818718e+00,1.000000000000000000e+00
-2.622005422723793777e-01,-2.361307844092620234e-01,-1.000000000000000000e+00
5.319751161507465520e-01,1.517139612055231623e+00,1.000000000000000000e+00
1.828782853318344781e-02,-9.528033627627360280e-01,-1.000000000000000000e+00
-1.731803033434731187e-01,-2.573676979960585198e-01,-1.000000000000000000e+00
-4.620998995178493551e-02,8.669002769993958690e-01,1.000000000000000000e+00
-1.852038393374524361e-01,-1.111953839794724841e+00,-1.000000000000000000e+00
1.308590185853636401e-02,1.512941054233052807e+00,1.000000000000000000e+00
5.448475115582804978e-02,4.828072211776966993e-01,1.000000000000000000e+00
-3.728606638597027345e-01,-4.983472512126552179e-01,-1.000000000000000000e+00
-4.516611800051957282e-01,-1.434916575465134958e-01,-1.000000000000000000e+00
1.147397298456305670e+00,1.250405767049284300e+00,1.000000000000000000e+00
-1.630270249157044660e+00,3.909359265049843213e-01,-1.000000000000000000e+00
-3.513515665659224796e-01,3.490955497619102621e-01,1.000000000000000000e+00
-4.299995694286780079e-01,-1.282933182938467809e+00,-1.000000000000000000e+00
1.977674348651635439e-02,3.549661520108683410e-01,1.000000000000000000e+00
8.319375039127230309e-01,-2.124883600957394314e-01,1.000000000000000000e+00
1.354747115727779616e-01,3.958394409544727655e-01,1.000000000000000000e+00
6.512360146159567043e-01,-5.462582701079999881e-01,-1.000000000000000000e+00
3.040392863171168525e-01,6.339988295226614001e-01,1.000000000000000000e+00
-4.631066870854894102e-01,-1.451063849542355011e-01,-1.000000000000000000e+00
-5.964690395818761370e-03,1.416268637716702417e+00,1.000000000000000000e+00
1.075135251202511411e+00,-7.612837496961427641e-01,-1.000000000000000000e+00
-3.982512423796948919e-01,4.993645554203662851e-01,1.000000000000000000e+00
-9.027006051380986884e-01,-5.448394920037351596e-01,-1.000000000000000000e+00
-1.442496146259131251e-01,-1.429365681018860690e-01,-1.000000000000000000e+00
8.388427377974405630e-01,8.333231560079670253e-01,1.000000000000000000e+00
-3.407445319079188684e-03,-1.740067976085555856e-01,-1.000000000000000000e+00
5.079235025989462526e-01,1.319478759571768522e+00,1.000000000000000000e+00
1.529177238219880941e+00,1.074115225637900739e+00,1.000000000000000000e+00
2.573227679679365165e-01,3.387244887340421506e-01,1.000000000000000000e+00
-1.395859200160549374e-01,6.087502548012497794e-01,1.000000000000000000e+00
5.321661750969954863e-01,-4.647487950462615425e-01,-1.000000000000000000e+00
-7.895523521040639925e-02,-5.686573227621017912e-01,-1.000000000000000000e+00
-4.229156667396252178e-01,-5.107471983276455907e-01,-1.000000000000000000e+00
4.473891640126883562e-01,1.130985865625596665e-01,1.000000000000000000e+00
-1.215480498183499902e-01,-1.062770139690273341e-01,-1.000000000000000000e+00
-3.168883935203392066e-01,-2.583621869472562116e-01,-1.000000000000000000e+00
-1.352376398043138472e+00,3.369216944461005392e-01,-1.000000000000000000e+00
5.932711851217103982e-01,1.368182276892248028e+00,1.000000000000000000e+00
6.432104408280711061e-01,5.163334856545267471e-01,1.000000000000000000e+00
4.314494132192324694e-01,-7.818783714656918349e-01,-1.000000000000000000e+00
1.328381394567937246e+00,-2.552309858308515755e-01,1.000000000000000000e+00
-9.122048864854971351e-01,-1.388709631144283974e-01,-1.000000000000000000e+00
1.088901249086738243e+00,9.021819053977032654e-01,1.000000000000000000e+00
-2.006667060526933777e-01,-3.812013651217188714e-01,-1.000000000000000000e+00
-2.087856764350731475e-01,-5.797246014554122695e-01,-1.000000000000000000e+00
1.040265837159529250e+00,-1.665746029031968944e-01,1.000000000000000000e+00
1.083484909449858591e-01,-1.404293625645673949e+00,-1.000000000000000000e+00
-3.805886987057388593e-01,-1.027535931892151339e-01,-1.000000000000000000e+00
1.966917505620344453e-01,-7.609862595943919228e-01,-1.000000000000000000e+00
1.588296426444381348e-02,8.306317712436538381e-01,1.000000000000000000e+00
-1.392068437105597134e+00,3.797939706289583661e-01,-1.000000000000000000e+00
3.204190758222565383e-01,1.686468020426832970e+00,1.000000000000000000e+00
-6.506080968814642596e-02,5.278179523805758278e-01,1.000000000000000000e+00
-1.476782866679197781e+00,3.447095253728135189e-01,-1.000000000000000000e+00
-3.753604686785902977e-01,-1.276868749099795419e+00,-1.000000000000000000e+00
1.250406107976185455e+00,5.707223322562969825e-01,1.000000000000000000e+00
-7.739276018544970492e-01,-1.908830611939238975e-01,-1.000000000000000000e+00
9.274062265919537085e-01,-8.138330489536484968e-01,-1.000000000000000000e+00
-1.077432157694346415e+00,-2.073397029308950423e-01,-1.000000000000000000e+00
-1.256131656955062681e+00,-3.059172683205995114e-01,-1.000000000000000000e+00
1.677524740590403463e+00,5.229645858132100367e-01,1.000000000000000000e+00
-4.120332959659895877e-01,-3.779048886686354747e-01,-1.000000000000000000e+00
4.051832397815170045e-02,1.686762734370985894e+00,1.000000000000000000e+00
2.189080541120455303e-01,-3.721430378629119184e-01,-1.000000000000000000e+00
3.631278286990632931e-02,4.104473948380734649e-01,1.000000000000000000e+00
1.477712127173974155e+00,4.047335587073866980e-01,1.000000000000000000e+00
1.017122164493741154e+00,1.532856562385874755e-01,1.000000000000000000e+00
-4.365902368307806869e-01,1.267625561542794488e+00,1.000000000000000000e+00
1.617373179991180576e-01,1.140330510901932826e+00,1.000000000000000000e+00
-8.141734535285690688e-01,9.079547820836872396e-02,-1.000000000000000000e+00
-1.690534943191197015e-01,-8.742337213610285040e-01,-1.000000000000000000e+00
1.013935981137608633e-01,-1.679409215917660125e+00,-1.000000000000000000e+00
-1.177570597541820696e+00,5.564503118626873412e-02,-1.000000000000000000e+00
-1.189955691650999708e-01,-1.189064055710063184e-01,-1.000000000000000000e+00
-5.414467898433769077e-01,-9.863724562172125898e-01,-1.000000000000000000e+00
1.399228964661932473e+00,6.452049545406701725e-01,1.000000000000000000e+00
-3.984211886751972687e-01,-3.248764639462510262e-01,-1.000000000000000000e+00
-2.630476355761641738e-01,-9.648023616774091815e-01,-1.000000000000000000e+00
7.254785398306293209e-02,-2.939506406921815751e-01,-1.000000000000000000e+00
5.766268223414333649e-01,1.406885079195783428e+00,1.000000000000000000e+00
-2.057650530832829117e-01,-9.932686906761308832e-01,-1.000000000000000000e+00
-3.722582670705986141e-01,-3.106913885297919453e-01,-1.000000000000000000e+00
-4.668695769852693189e-01,-8.222072861994113024e-01,-1.000000000000000000e+00
4.508146926860421289e-01,4.719232639929296091e-01,1.000000000000000000e+00
1.204758083167930316e+00,1.965384761548714943e-02,1.000000000000000000e+00
7.486042781000555868e-01,4.938588877127152443e-01,1.000000000000000000e+00
4.858658133802514767e-01,-4.067422779396547838e-01,-1.000000000000000000e+00
-1.716719160035624636e-01,-1.820054464013853290e-01,-1.000000000000000000e+00
3.264824866768697431e-01,-5.018959550401220771e-01,-1.000000000000000000e+00
1.334713501939107205e+00,6.730701658032824941e-01,1.000000000000000000e+00
1.004544662451406722e+00,8.854755871582161708e-01,1.000000000000000000e+00
6.279413570637017994e-01,8.554087515739504655e-01,1.000000000000000000e+00
-1.263754568419930280e+00,-4.673429976076667325e-01,-1.000000000000000000e+00
-7.869945639567039741e-01,6.154464026071000404e-01,1.000000000000000000e+00
-4.642452806648058594e-01,-1.430855201129858090e-01,-1.000000000000000000e+00
1.256649892419271275e+00,-1.056930506678422033e+00,-1.000000000000000000e+00
6.514403930900940498e-01,4.219592291041195098e-02,1.000000000000000000e+00
-7.953475517184753762e-01,-4.417931277123094969e-01,-1.000000000000000000e+00
-6.110816917473140819e-01,-1.897462010125021137e-01,-1.000000000000000000e+00
-6.075499377473703860e-02,-5.776204752413527377e-01,-1.000000000000000000e+00
1.182247921382942435e+00,3.106292908128535646e-02,1.000000000000000000e+00
1.093656994204022237e-01,4.358680345045978788e-01,1.000000000000000000e+00
-9.612205925346641866e-01,3.285808162862948745e-01,-1.000000000000000000e+00
2.334132045700712810e-01,-7.042030999586370577e-01,-1.000000000000000000e+00
-2.715172679418074164e-01,5.199869950784465900e-01,1.000000000000000000e+00
6.608664952803992021e-01,4.776056051839112637e-01,1.000000000000000000e+00
-5.683401101715859216e-01,-1.078280144729238499e+00,-1.000000000000000000e+00
-8.961934794809009452e-02,2.764474974313194111e-01,1.000000000000000000e+00
-1.666337135447222728e+00,-5.804993250333639193e-02,-1.000000000000000000e+00
8.122435184462706292e-01,-5.500563001069607161e-01,-1.000000000000000000e+00
1.664873302467101412e+00,9.771211628959772799e-01,1.000000000000000000e+00
2.532504223796335219e-01,1.316543898490965536e-02,1.000000000000000000e+00
3.877502812798517828e-01,4.146650811430591110e-01,1.000000000000000000e+00
-2.945154397400647772e-01,-3.938423729829081399e-01,-1.000000000000000000e+00
-3.547664889733137539e-01,8.628653030042372496e-01,1.000000000000000000e+00
-9.163648095609053246e-02,-1.302464527523546078e-01,-1.000000000000000000e+00
1.086400281038549132e+00,-1.517885791003811491e+00,-1.000000000000000000e+00
3.208439973246904886e-01,-2.533786354050186762e-02,1.000000000000000000e+00
1.398879031708205378e+00,1.312310019663536220e-01,1.000000000000000000e+00
-3.021380163653442086e-01,-7.224251323149738502e-01,-1.000000000000000000e+00
5.995450538704213406e-01,-1.098581737272607439e+00,-1.000000000000000000e+00
1.182345777984934010e+00,-1.530314527345852382e-02,1.000000000000000000e+00
-7.624543601318916064e-01,5.285255252141214388e-01,1.000000000000000000e+00
1.049018489477959060e+00,5.009068038428304143e-02,1.000000000000000000e+00
-2.003871216749774364e-01,-8.740513684212561918e-01,-1.000000000000000000e+00
-4.845988035054715759e-01,-6.691859769151023984e-01,-1.000000000000000000e+00
1.517919976304801466e+00,1.106047378470155662e+00,1.000000000000000000e+00
5.009702453816629042e-01,1.425780294835261586e+00,1.000000000000000000e+00
8.095806807880778777e-02,6.008003082789684646e-01,1.000000000000000000e+00
-8.910980184061495502e-01,6.635875157602240115e-01,1.000000000000000000e+00
1.890195356410231675e-01,-7.582551187823456385e-01,-1.000000000000000000e+00
-1.278177979920404495e+00,-4.070336945018658836e-01,-1.000000000000000000e+00
-1.166547194860719117e+00,-2.998513618995835572e-01,-1.000000000000000000e+00
6.046750528819437864e-01,8.001022786237831363e-01,1.000000000000000000e+00
-9.562788159731907545e-01,-3.514152282088267576e-01,-1.000000000000000000e+00
1.129068999796396522e+00,1.532388192146408312e-01,1.000000000000000000e+00
-1.333246586461647176e-01,-1.488255708484808593e-01,-1.000000000000000000e+00
1.416165618558423989e-01,9.501949166543862679e-01,1.000000000000000000e+00
1.003307069551690134e+00,3.199232593797963209e-01,1.000000000000000000e+00
7.476828884714135925e-02,4.230434383957898392e-01,1.000000000000000000e+00
-4.643502194411524009e-01,-9.865934130502874710e-01,-1.000000000000000000e+00
-2.439188452358334869e-01,2.591867357790567650e-01,1.000000000000000000e+00
-1.693839757899271714e-01,4.447025194373540602e-01,1.000000000000000000e+00
1.015354339685114571e+00,-6.980394059539044571e-01,-1.000000000000000000e+00
-8.976600146317259554e-02,7.819372694226996989e-01,1.000000000000000000e+00
1.323266877618980875e+00,1.076954882350068310e+00,1.000000000000000000e+00
1.444353818068913720e+00,-2.111320412972950977e-01,1.000000000000000000e+00
3.478160767033972034e-01,-1.516789162427897519e+00,-1.000000000000000000e+00
-1.708846248706394622e-01,4.638652104740470516e-01,1.000000000000000000e+00
-5.313563497235394006e-01,-2.646147573315008605e-01,-1.000000000000000000e+00
3.131181554823152524e-01,1.658471393495912105e+00,1.000000000000000000e+00
5.184076726971205140e-01,-1.243357412146409269e+00,-1.000000000000000000e+00
4.169287658849739620e-01,1.024144740765926986e+00,1.000000000000000000e+00
1.635947740267083006e-01,3.791117560445451673e-01,1.000000000000000000e+00
-6.887970955731352873e-01,-4.284472016339999634e-01,-1.000000000000000000e+00
-3.151610917437742687e-01,7.015473454071282644e-01,1.000000000000000000e+00
1.015928800120563302e+00,4.170610635023341839e-01,1.000000000000000000e+00
6.341542901926282561e-01,6.900295455300922143e-01,1.000000000000000000e+00
1.619848189660020310e+00,8.827869243002196831e-02,1.000000000000000000e+00
-3.643791406255673104e-01,-4.011320679633647579e-01,-1.000000000000000000e+00
1.348240823877668859e+00,8.800597492978787795e-01,1.000000000000000000e+00
8.127514093095458136e-01,-1.068537155026128838e-01,1.000000000000000000e+00
-4.585128045897405302e-01,-6.090050722575206521e-01,-1.000000000000000000e+00
-4.100141491201517718e-01,-9.630445801896031499e-01,-1.000000000000000000e+00
-9.036956938638486259e-01,-5.239981211195333666e-01,-1.000000000000000000e+00
1.577865053410779428e+00,1.070798015234299266e-01,1.000000000000000000e+00
2.990033423417799430e-01,1.720505581646565307e-01,1.000000000000000000e+00
-5.752787752544253896e-01,-2.832873997299568680e-01,-1.000000000000000000e+00
9.267720321300372266e-01,1.510827445714534534e+00,1.000000000000000000e+00
8.198082394658664507e-01,4.164601147404970449e-01,1.000000000000000000e+00
-1.210729381406937255e-01,-2.889450236353181545e-01,-1.000000000000000000e+00
-2.119351635352329510e-01,-2.218361194483280119e-01,-1.000000000000000000e+00
5.330284698580433078e-01,-2.984984879189656048e-02,1.000000000000000000e+00
-9.533391875133824245e-01,-1.140872297097474952e-01,-1.000000000000000000e+00
-1.672793619766368145e-01,3.659592219262777224e-01,1.000000000000000000e+00
-2.980139845706434309e-01,9.079611066229975602e-01,1.000000000000000000e+00
6.039440361518378930e-01,8.979128840647534471e-01,1.000000000000000000e+00
-3.240933838630845054e-01,-3.573926850814957978e-01,-1.000000000000000000e+00
-1.444833350480085210e+00,-3.381497579876868165e-01,-1.000000000000000000e+00
3.250253986376507864e-01,9.810023235565314137e-02,1.000000000000000000e+00
6.766025511603336318e-01,-8.449829213787820592e-01,-1.000000000000000000e+00
-6.079023954193161217e-01,7.988509769534329896e-02,-1.000000000000000000e+00
-9.667690090204027475e-01,-2.526767313925809555e-01,-1.000000000000000000e+00
1.207521826076785265e+00,6.646870536637399240e-01,1.000000000000000000e+00
-5.357606097510279053e-01,4.741962191085572487e-01,1.000000000000000000e+00
1.567354761045483214e+00,6.482989857902179964e-02,1.000000000000000000e+00
4.969768270597076931e-01,5.344180201915251782e-01,1.000000000000000000e+00
-3.854147572161358282e-01,1.325628362799126769e+00,1.000000000000000000e+00
3.222604740023948117e-02,2.993123892349338622e-01,1.000000000000000000e+00
-3.769740789417927451e-03,-9.956858664266361458e-01,-1.000000000000000000e+00
4.027954091187175845e-01,4.491012679883312764e-01,1.000000000000000000e+00
7.239374406850075383e-01,-1.235312133049037531e+00,-1.000000000000000000e+00
2.365995357332017213e-01,-8.133111575354154965e-01,-1.000000000000000000e+00
6.166917843236197072e-01,-1.181226323963437408e-01,1.000000000000000000e+00
-9.087062027654995156e-01,6.511870533349355394e-01,1.000000000000000000e+00
7.475401801049132988e-01,-7.702886922210286924e-01,-1.000000000000000000e+00
-9.902025035437864720e-01,3.959572913186207299e-02,-1.000000000000000000e+00
3.305872505612678092e-01,1.019618324615126692e+00,1.000000000000000000e+00
7.734465532783660890e-01,4.510021104263600700e-01,1.000000000000000000e+00
-1.082066908691090568e+00,-2.781675097996328949e-01,-1.000000000000000000e+00
6.553875750614890361e-02,-1.003632917585410400e+00,-1.000000000000000000e+00
7.393098121921704013e-01,-2.141342963973806024e-01,1.000000000000000000e+00
-1.530809802547672127e-01,6.350037860698364289e-01,1.000000000000000000e+00
1.591680323363522387e+00,5.461934947085633762e-01,1.000000000000000000e+00
-1.369957806702172542e-01,3.035666388745228428e-01,1.000000000000000000e+00
5.913578289114792552e-01,1.320686465286633249e+00,1.000000000000000000e+00
3.080971100897800796e-01,1.217939556352214181e+00,1.000000000000000000e+00
-4.753861143769730901e-01,-8.894644223129956062e-01,-1.000000000000000000e+00
-4.222275513248214818e-01,-2.236854231743048982e-02,-1.000000000000000000e+00
1.621149090164470119e-01,9.253397781338981165e-01,1.000000000000000000e+00
1.630295928738358935e+00,8.780146847845312630e-01,1.000000000000000000e+00
1.362961802045305149e+00,2.495248820585855565e-01,1.000000000000000000e+00
-3.662313120443432268e-01,1.318518339258240024e-02,-1.000000000000000000e+00
1.052551292893891821e+00,7.206755523766092963e-01,1.000000000000000000e+00
-3.127319548673750393e-01,1.018790724733277919e+00,1.000000000000000000e+00
1.662793185664484863e+00,5.465971752747071921e-01,1.000000000000000000e+00
5.415858998662766988e-01,1.434490900595802865e-01,1.000000000000000000e+00
-1.146975895477852392e+00,3.076510794938411841e-01,-1.000000000000000000e+00
-4.244390853791364382e-01,-3.087031165727197046e-02,-1.000000000000000000e+00
3.447081059313759077e-01,-1.008054415921750824e+00,-1.000000000000000000e+00
-1.028925583809339850e+00,-4.981448035960340803e-01,-1.000000000000000000e+00
7.980616442648498232e-01,1.112046690878685018e+00,1.000000000000000000e+00
-7.688616733624566990e-01,-4.083541762188701574e-01,-1.000000000000000000e+00
9.102542761076808098e-02,2.813116748379970167e-01,1.000000000000000000e+00
1.250575751727737828e+00,5.676176717608074629e-01,1.000000000000000000e+00
-8.214119009595206578e-01,-2.800350474683834801e-01,-1.000000000000000000e+00
8.237240931327484139e-01,-7.896681849521344776e-02,1.000000000000000000e+00
-3.617664394932792460e-01,6.906925477343148767e-01,1.000000000000000000e+00
4.190062354570170955e-01,4.618022177504584880e-01,1.000000000000000000e+00
-3.163187997000146412e-01,3.148280277498022306e-01,1.000000000000000000e+00
6.903148266606454753e-01,2.876682537542548102e-01,1.000000000000000000e+00
4.842012366973399984e-02,1.324754299445256578e-01,1.000000000000000000e+00
-1.407754968488485581e+00,8.785187128719437744e-03,-1.000000000000000000e+00
5.625190538315163469e-01,-1.745097062769698004e+00,-1.000000000000000000e+00
-1.171413486626759759e-01,-1.284575522797775926e-01,-1.000000000000000000e+00
-1.074150028649761834e-02,-3.203884624048731755e-01,-1.000000000000000000e+00
-4.774075981936956037e-01,-2.835836222633336678e-02,-1.000000000000000000e+00
4.001628569162499760e-01,-1.006181845561209931e+00,-1.000000000000000000e+00
-5.156211391233092023e-01,4.070072025373713265e-01,1.000000000000000000e+00
5.276232736200746620e-01,1.997128019582291580e-01,1.000000000000000000e+00
4.189079963175552646e-01,-1.053289680324167588e+00,-1.000000000000000000e+00
3.395953203441166024e-01,3.823282796891175339e-01,1.000000000000000000e+00
1.475176424016788168e+00,1.263376287985931157e+00,1.000000000000000000e+00
-1.725687940070838311e-01,1.391495721358508408e+00,1.000000000000000000e+00
-1.190573710288336112e-01,-1.097206911051420847e-01,-1.000000000000000000e+00
7.847046982300123208e-01,-7.903336775123384061e-01,-1.000000000000000000e+00
-1.206427141091631183e+00,-2.288604669592128327e-01,-1.000000000000000000e+00
-2.488080719746407210e-01,-2.215827748424854249e-01,-1.000000000000000000e+00
2.315983625092254972e-02,-1.636867151188765579e+00,-1.000000000000000000e+00
1.684900806077062274e+00,-2.426424956407040312e-02,1.000000000000000000e+00
-4.808666355871290543e-01,-5.911144563215549042e-01,-1.000000000000000000e+00
-4.223832594608435409e-01,4.536593910648066830e-01,1.000000000000000000e+00
-1.282135170696402926e-01,5.893610044215308319e-01,1.000000000000000000e+00
-7.300794508520035420e-01,-1.425576748051562981e-02,-1.000000000000000000e+00
7.324978100176000595e-01,-3.988557194566991204e-03,1.000000000000000000e+00
1.008209836698849893e+00,-2.151278585457205017e-01,1.000000000000000000e+00
-1.828540134316241628e-01,-2.710870395657312137e-01,-1.000000000000000000e+00
1.372698388945549519e+00,1.253845558927969339e+00,1.000000000000000000e+00
4.304853358247595629e-01,-2.568996481199503634e-02,1.000000000000000000e+00
1.217686090647194019e+00,-1.254172323172083825e+00,-1.000000000000000000e+00
1.061940228504146821e+00,3.903228783533047030e-01,1.000000000000000000e+00
-9.777937398008488268e-01,-9.987051081885681136e-02,-1.000000000000000000e+00
3.226214409831591468e-01,1.252017133933742421e-01,1.000000000000000000e+00
5.755984869105272850e-01,-1.438936710900541316e+00,-1.000000000000000000e+00
-3.536942247447990573e-01,-5.266969560959781083e-01,-1.000000000000000000e+00
-5.920385519643863725e-01,-3.601709960190319082e-01,-1.000000000000000000e+00
-7.544367247284954336e-01,-3.604401492361843928e-01,-1.000000000000000000e+00
-3.107708939673586857e-01,8.916313368706093589e-01,1.000000000000000000e+00
9.542969449539963345e-02,1.110699346764800088e+00,1.000000000000000000e+00
1.475434491748051080e-02,-3.330033669290229370e-01,-1.000000000000000000e+00
8.866832163802353950e-01,1.053964686621625679e-01,1.000000000000000000e+00
1.481023230378326172e+00,7.734497189215794322e-01,1.000000000000000000e+00
6.832430599183519915e-01,-9.532004937299334291e-01,-1.000000000000000000e+00
6.911282922643321447e-01,-1.533995594644066152e-01,1.000000000000000000e+00
1.049221935293526808e+00,-3.430465673308087382e-01,1.000000000000000000e+00
-4.816029811979968822e-02,1.992012659740673430e-01,1.000000000000000000e+00
-2.622291460146406461e-01,3.570126024684802113e-01,1.000000000000000000e+00
3.538219593747721214e-01,1.583544341688456258e+00,1.000000000000000000e+00
-1.255810319192350588e-02,1.236277972947256831e+00,1.000000000000000000e+00
-2.114547892468737478e-01,4.665777909405892654e-01,1.000000000000000000e+00
-1.235357995435108769e-01,1.530714274315306156e+00,1.000000000000000000e+00
1.309037924987155099e+00,-1.027083487489757418e+00,-1.000000000000000000e+00
-2.458161681896049167e-01,1.004893054324367485e+00,1.000000000000000000e+00
7.725565636763610522e-01,1.495381124910061810e-01,1.000000000000000000e+00
-4.739539453831967952e-01,9.389885843320553427e-01,1.000000000000000000e+00
-7.477612799250795694e-01,-4.765349402141789703e-01,-1.000000000000000000e+00
-2.108299807566212103e-02,-1.178884625421448229e+00,-1.000000000000000000e+00
-4.947328636023716752e-01,-7.521266774002839384e-01,-1.000000000000000000e+00
-1.089257429685787537e+00,-3.713631680713554983e-01,-1.000000000000000000e+00
7.536261829752370911e-01,-1.610786824338017231e+00,-1.000000000000000000e+00
5.841342450714493983e-01,-7.070167530991127158e-01,-1.000000000000000000e+00
8.184416928419398218e-02,2.302766640637518847e-01,1.000000000000000000e+00
-9.679695507404521004e-01,-2.103118598769389280e-01,-1.000000000000000000e+00
-1.578217723514165616e-01,2.931439452121847866e-01,1.000000000000000000e+00
1.786238340307607086e-01,1.109555962983557853e+00,1.000000000000000000e+00
-4.138263569968939626e-01,4.595973247625351199e-01,1.000000000000000000e+00
-1.671225766880179153e-01,4.837767446014346051e-01,1.000000000000000000e+00
-5.339477194084379236e-02,-1.581243048273578866e+00,-1.000000000000000000e+00
-3.847211783710534627e-01,-7.965662899491204874e-01,-1.000000000000000000e+00
4.532222721577791047e-01,-1.305482806855399858e+00,-1.000000000000000000e+00
-7.234955300492729169e-01,1.447141948977773984e-01,-1.000000000000000000e+00
9.989451366582849934e-01,-1.223504088371979881e+00,-1.000000000000000000e+00
1.127508455172670399e+00,-3.101642534739322832e-01,1.000000000000000000e+00
-1.749815066176024780e-01,-3.831542144359064705e-01,-1.000000000000000000e+00
-1.427663335784948417e+00,3.067885916559661696e-01,-1.000000000000000000e+00
-4.111076437547473983e-01,-6.682734493275078735e-01,-1.000000000000000000e+00
1.241319671052056206e+00,4.022328102714162190e-01,1.000000000000000000e+00
8.546797454211073619e-01,-9.979079152974498212e-01,-1.000000000000000000e+00
-9.392615622782801710e-01,-4.453391319702362239e-01,-1.000000000000000000e+00
-1.846606251207052185e-01,1.305300757158136316e+00,1.000000000000000000e+00
-1.151621542775639773e+00,3.327207388599370264e-01,-1.000000000000000000e+00
-8.317053106383806571e-02,3.304589594233742211e-01,1.000000000000000000e+00
-4.399104811599494624e-01,-1.053111345447987013e+00,-1.000000000000000000e+00
2.683409664291700469e-01,1.006226260602896661e+00,1.000000000000000000e+00
6.940701180249156943e-01,1.515594278551444907e+00,1.000000000000000000e+00
-1.106214183981529958e-01,-8.892208974457145587e-02,-1.000000000000000000e+00
-3.673936566078245258e-01,-4.887896832972034034e-01,-1.000000000000000000e+00
-1.815662716563954948e-01,-8.929319816781943198e-01,-1.000000000000000000e+00
-9.953768901381090939e-02,6.067458746677613091e-01,1.000000000000000000e+00
-1.894552609859855019e-01,-2.520062590412847081e-01,-1.000000000000000000e+00
1.016571869877402889e+00,-2.670667578034106038e-01,1.000000000000000000e+00
-2.604548035153949614e-01,3.112474911064322391e-01,1.000000000000000000e+00
-1.270691570486532918e-01,-3.233318331344079422e-01,-1.000000000000000000e+00
8.962400294890958685e-01,1.806676615999627533e-01,1.000000000000000000e+00
-3.017961823848008818e-01,-1.123189020930405180e+00,-1.000000000000000000e+00
4.309213258274745550e-01,5.675389525221358200e-01,1.000000000000000000e+00
9.690209355467619412e-01,-1.574100183735347436e-01,1.000000000000000000e+00
7.858850186311817643e-01,-1.184419194780993445e+00,-1.000000000000000000e+00
1.098721748761925854e+00,6.081976835318172458e-01,1.000000000000000000e+00
6.726709417674953118e-01,1.404742414352921354e-01,1.000000000000000000e+00
3.001340822474788395e-01,1.390143433190059952e+00,1.000000000000000000e+00
-8.435568575463804342e-01,-4.831471224146507426e-01,-1.000000000000000000e+00
-9.265930812780273085e-01,2.103290980556667689e-01,-1.000000000000000000e+00
8.295790989953670813e-01,3.398205757489415335e-01,1.000000000000000000e+00
-3.503632869550165063e-01,-4.695438966947963477e-01,-1.000000000000000000e+00
-2.747940265312878161e-01,1.053459382848723758e+00,1.000000000000000000e+00
-2.571221525125999552e-01,3.363961863998028434e-01,1.000000000000000000e+00
1.296426672195561070e+00,1.930927938350274764e-01,1.000000000000000000e+00
-1.288739193389905890e-01,6.560772534064990280e-01,1.000000000000000000e+00
3.609128993215694470e-01,-7.620966459923469438e-01,-1.000000000000000000e+00
-4.734798261923412604e-02,-1.465711327896149496e-01,-1.000000000000000000e+00
1.037527947325041222e-01,2.592269250951023674e-01,1.000000000000000000e+00
9.859198590049650379e-02,4.581676988373761805e-01,1.000000000000000000e+00
-3.097123677708332745e-01,-1.345200647928285753e-01,-1.000000000000000000e+00
5.672008458128847685e-01,-1.036766760637933549e-01,1.000000000000000000e+00
1.463074808589138520e+00,9.663998779529779926e-01,1.000000000000000000e+00
2.205127929287057642e-01,-7.755952414212600177e-01,-1.000000000000000000e+00
-1.599392104568740480e+00,-6.450747341718396366e-02,-1.000000000000000000e+00
1.163028202252838872e+00,-3.741758618355628396e-01,1.000000000000000000e+00
6.178300127936195985e-01,-1.439134200895418603e-01,1.000000000000000000e+00
4.102201729563378363e-01,7.355727618894111197e-01,1.000000000000000000e+00
-1.600177011138553540e-01,4.383962646051149381e-01,1.000000000000000000e+00
2.474573528024094637e-01,1.082255107335842625e+00,1.000000000000000000e+00
7.328745740090559790e-01,-1.374892445001945518e+00,-1.000000000000000000e+00
-4.027873100972659270e-02,2.352028876099198085e-01,1.000000000000000000e+00
-3.115122566216987909e-01,3.729124057387314117e-01,1.000000000000000000e+00
-4.774866666477867172e-01,-8.837503993460903151e-02,-1.000000000000000000e+00
-2.809623338819440819e-01,-3.015863944049149703e-01,-1.000000000000000000e+00
-1.879078514737445860e-01,-1.762235412973258419e-01,-1.000000000000000000e+00
-3.646538720088617902e-01,1.020408883589004168e+00,1.000000000000000000e+00
-1.532929196298911390e-02,1.433259358918972604e+00,1.000000000000000000e+00
6.918690962893928598e-01,1.058206432369017236e+00,1.000000000000000000e+00
3.187035938278768299e-01,-8.137894007765114623e-03,1.000000000000000000e+00
-1.028313371622940897e+00,5.645966237771088414e-02,-1.000000000000000000e+00
1.805806561899214457e-01,-3.444381092528895350e-01,-1.000000000000000000e+00
3.139327894434622568e-01,-5.998228395764440002e-01,-1.000000000000000000e+00
-2.491412068743307506e-01,-2.038818169409444270e-01,-1.000000000000000000e+00
1.134781402462798017e+00,-2.539719776620708025e-02,1.000000000000000000e+00
-1.615242741601635279e+00,3.470536773813635012e-01,-1.000000000000000000e+00
1.339673147420906263e+00,-1.245953394646167833e+00,-1.000000000000000000e+00
-1.947049367104149442e-01,-2.949015657325516071e-01,-1.000000000000000000e+00
4.221344643676173680e-01,8.308228394621611779e-01,1.000000000000000000e+00
6.704207939548332273e-01,-1.191430601927344624e+00,-1.000000000000000000e+00
-1.072339246327970619e+00,-4.419582403336334009e-01,-1.000000000000000000e+00
4.174369819052828334e-02,-1.701645413165207010e+00,-1.000000000000000000e+00
1.156758041570838502e+00,2.273804623109825507e-01,1.000000000000000000e+00
4.502650702340993405e-01,1.058553986374796141e+00,1.000000000000000000e+00
1.126824046836135962e-01,8.995974735168380532e-01,1.000000000000000000e+00
-1.770907863689171746e+00,2.914556070396807641e-01,-1.000000000000000000e+00
8.421627761617570540e-01,7.880427495287266604e-01,1.000000000000000000e+00
7.050956735987383706e-01,-1.496591506271349181e-01,1.000000000000000000e+00
-1.084102906968305247e+00,3.665487814449581716e-01,-1.000000000000000000e+00
3.345907032252135593e-01,1.681072023210498756e+00,1.000000000000000000e+00
-6.686856524946962477e-01,-9.944874485115599849e-02,-1.000000000000000000e+00
1.350643081207830720e+00,4.344084018826818161e-01,1.000000000000000000e+00
7.466781061684454324e-01,2.189961916656102681e-01,1.000000000000000000e+00
4.763708287303050071e-01,8.469483426109635227e-01,1.000000000000000000e+00
-1.739827847043640352e+00,4.666137930012992374e-01,-1.000000000000000000e+00
8.660027663622184291e-02,7.268143182000385005e-01,1.000000000000000000e+00
-1.586975790651781626e+00,-5.381197270453104420e-02,-1.000000000000000000e+00
9.878029108764929678e-01,4.723189475027460560e-01,1.000000000000000000e+00
6.486736323694907158e-01,-1.501148640244849564e-01,1.000000000000000000e+00
-6.721295822286407762e-02,2.017954509647082451e-01,1.000000000000000000e+00
-2.244411652185261119e-01,9.739617180698543208e-01,1.000000000000000000e+00
-4.510291900340865912e-01,8.172464371021485041e-01,1.000000000000000000e+00
-6.659302584314437112e-01,-3.469316066867620396e-01,-1.000000000000000000e+00
-2.343853499284037634e-01,-1.425397202582638911e-01,-1.000000000000000000e+00
8.432163320744054946e-01,1.520039253783445621e-01,1.000000000000000000e+00
-2.906492906344939620e-01,-1.203803314746594966e+00,-1.000000000000000000e+00
1.397257391277852312e+00,5.460819991512025906e-01,1.000000000000000000e+00
-1.078848620580383555e+00,-1.611938255373919493e-02,-1.000000000000000000e+00
-5.010995684895892532e-01,-6.354712418639729687e-01,-1.000000000000000000e+00
-1.450546211328687662e-01,3.092750875843358616e-01,1.000000000000000000e+00
8.212254351254049123e-01,-1.217641237534655918e+00,-1.000000000000000000e+00
-2.094771485721823590e-01,-2.171060098789322212e-01,-1.000000000000000000e+00
-8.109229317397514958e-02,-1.373205903311442766e+00,-1.000000000000000000e+00
9.515184625007827579e-01,5.282042423741636350e-01,1.000000000000000000e+00
5.609655575774793457e-01,-8.791070129077462880e-01,-1.000000000000000000e+00
1.752380565971259074e-01,-1.018598217810841255e+00,-1.000000000000000000e+00
-7.241143051283574494e-02,1.302852785209495767e+00,1.000000000000000000e+00
-1.579466322116123145e-01,-1.603328460028005109e-01,-1.000000000000000000e+00
1.025359679377957800e+00,-2.881312690143088551e-01,1.000000000000000000e+00
1.282976891704361022e-01,-1.176774181735882552e+00,-1.000000000000000000e+00
-3.084478402436118816e-01,-1.430625690226223545e+00,-1.000000000000000000e+00
1.420391438037443277e-01,6.833197041081492951e-02,1.000000000000000000e+00
-9.284500444101899674e-01,2.042629094367107434e-01,-1.000000000000000000e+00
1.554980500034756075e+00,9.239581166324140060e-01,1.000000000000000000e+00
5.143786811834583084e-01,-1.701252158595856434e+00,-1.000000000000000000e+00
-4.728399225361608338e-02,-1.190196541784446643e-01,-1.000000000000000000e+00
-6.945351370848360517e-01,-1.677287095166075659e-01,-1.000000000000000000e+00
-7.623706299991073188e-02,4.164206560290081294e-01,1.000000000000000000e+00
1.574483474609800648e+00,3.583190738705747252e-02,1.000000000000000000e+00
-2.833399653659881556e-01,3.973898961978815647e-01,1.000000000000000000e+00
1.294158725467076776e+00,-1.207580705348560102e+00,-1.000000000000000000e+00
-5.213799116721391513e-01,-2.784797764239880236e-01,-1.000000000000000000e+00
5.596743138570944298e-01,-1.672511242013994259e+00,-1.000000000000000000e+00
-2.274283082660914779e-01,-3.842327826193404905e-02,-1.000000000000000000e+00
-1.034807894566953934e-01,2.302693766171445000e-01,1.000000000000000000e+00
8.512771168824285750e-01,-6.319440101689219880e-01,-1.000000000000000000e+00
1.113471384988666824e+00,-5.944803951360885796e-02,1.000000000000000000e+00
2.998580381864235367e-01,-9.849824718968634985e-01,-1.000000000000000000e+00
3.293258937023026967e-01,-3.342890562971788104e-01,-1.000000000000000000e+00
-2.413690857355832720e-01,4.940557455451826119e-01,1.000000000000000000e+00
1.310652739357416774e+00,1.352299949717468419e-01,1.000000000000000000e+00
-3.538978998608161008e-01,1.009110264331360085e+00,1.000000000000000000e+00
1.073489258827563075e+00,-1.032712873732937853e+00,-1.000000000000000000e+00
5.466099294380517559e-01,4.611212618730661239e-01,1.000000000000000000e+00
-1.332307262283414007e+00,4.495512697708599070e-01,-1.000000000000000000e+00
7.059092694780988442e-01,-1.003127466857793859e+00,-1.000000000000000000e+00
-2.744533237701466399e-01,-4.210892013353484398e-01,-1.000000000000000000e+00
-6.975906380673579932e-01,5.102970270164909339e-01,1.000000000000000000e+00
2.197810219082950434e-01,-8.523994485280609323e-01,-1.000000000000000000e+00
1.054732126062861708e+00,1.463324958447645319e+00,1.000000000000000000e+00
2.230717292031652865e-01,-2.890658288112255558e-01,-1.000000000000000000e+00
-2.699313126886110359e-01,3.318616874859473542e-01,1.000000000000000000e+00
-4.053220325733736251e-01,-3.595960316883041186e-01,-1.000000000000000000e+00
1.020855894647198836e+00,-9.111652238564984518e-01,-1.000000000000000000e+00
4.249495687360627105e-01,-4.718230335005649811e-01,-1.000000000000000000e+00
-2.674846543534199483e-01,1.246001816113649019e+00,1.000000000000000000e+00
-4.741062177381681897e-01,-4.144680459444202159e-01,-1.000000000000000000e+00
-5.525371347132583821e-01,8.617476637678192497e-02,-1.000000000000000000e+00
-1.770969925865919059e+00,1.579807496729592753e-01,-1.000000000000000000e+00
-1.886068989230206550e-01,6.707933994641075426e-01,1.000000000000000000e+00
9.580939302562613280e-02,1.551943949229303898e+00,1.000000000000000000e+00
1.347161934908979175e+00,1.063541979870466170e+00,1.000000000000000000e+00
8.368790052821367675e-01,1.294276142925256501e+00,1.000000000000000000e+00
-1.694980443529452652e+00,-6.586826805590839662e-02,-1.000000000000000000e+00
-2.992306156635019532e-01,-1.132683799947259706e-01,-1.000000000000000000e+00
1.331561356230381410e+00,7.929264645061507855e-01,1.000000000000000000e+00
1.566176765637336876e+00,6.698780321550031891e-01,1.000000000000000000e+00
-2.188248029445516718e-01,5.785362070676846047e-01,1.000000000000000000e+00
-4.448104000118756618e-01,-2.583826430191540346e-01,-1.000000000000000000e+00
1.134188513105718110e+00,8.336792003482966507e-02,1.000000000000000000e+00
6.835932705803643428e-02,-7.007930800592022669e-01,-1.000000000000000000e+00
1.282708007058148691e+00,1.157621976229049332e-02,1.000000000000000000e+00
2.338943133658784035e-01,4.156689029645215250e-01,1.000000000000000000e+00
-3.280033716515627917e-01,-1.688368689953931856e-01,-1.000000000000000000e+00
3.984181437450169394e-01,7.711646174874775550e-02,1.000000000000000000e+00
-1.662969914712475183e-01,-1.681790854553135428e-01,-1.000000000000000000e+00
6.520917165557459372e-01,-7.604955339627021971e-01,-1.000000000000000000e+00
8.912361940618928058e-01,-2.345158224404115532e-01,1.000000000000000000e+00
1.181934081221976074e+00,-3.269785825775559651e-01,1.000000000000000000e+00
-1.027997316795104865e+00,3.646474379052808690e-01,-1.000000000000000000e+00
-1.358949578667096869e-01,4.460873091529953260e-01,1.000000000000000000e+00
-7.840618401498877788e-01,-2.726653533081253578e-01,-1.000000000000000000e+00
6.906491180011394004e-02,5.119100045691701295e-01,1.000000000000000000e+00
5.705593331075328178e-01,-1.054824477702624552e+00,-1.000000000000000000e+00
1.359694262932613418e+00,1.396885246933310398e+00,1.000000000000000000e+00
3.633706007683376038e-01,1.712798430700317898e+00,1.000000000000000000e+00
5.469095541053009546e-01,-5.264481947171241183e-01,-1.000000000000000000e+00
3.727816714125681274e-01,-1.724665401544573706e+00,-1.000000000000000000e+00
-3.363059775695569353e-01,-4.897288049425847500e-01,-1.000000000000000000e+00
-5.094044891358758820e-01,-3.933877761994634126e-01,-1.000000000000000000e+00
1.189841262290197932e+00,-4.556842185864224959e-01,1.000000000000000000e+00
1.370466947799046320e+00,4.061313232583834143e-01,1.000000000000000000e+00
5.627299384471268207e-02,-1.049495776854925344e+00,-1.000000000000000000e+00
-2.111541110791470555e-02,1.569680770053685670e+00,1.000000000000000000e+00
-7.238313734068410610e-02,2.970671893153928877e-01,1.000000000000000000e+00
8.563797651492729424e-01,-7.150991333161115238e-01,-1.000000000000000000e+00
2.654413853990243988e-01,-8.478036780287988572e-01,-1.000000000000000000e+00
-1.561559222937162761e-01,5.839980596916053424e-01,1.000000000000000000e+00
-4.359136555258250612e-01,-5.135439176925586935e-01,-1.000000000000000000e+00
1.029868740542166927e+00,1.032911440428185390e+00,1.000000000000000000e+00
-1.810782935706900521e-01,-2.275981991444624708e-01,-1.000000000000000000e+00
-3.317856711935539549e-01,-3.582310708490815676e-01,-1.000000000000000000e+00
2.570606966149747707e-01,7.660354828429924989e-01,1.000000000000000000e+00
-4.164938189134819169e-01,-6.770187059672680974e-01,-1.000000000000000000e+00
1.035364291263801917e+00,-7.000973442734370611e-01,-1.000000000000000000e+00
-4.936778955955165582e-01,-8.633447293120465327e-01,-1.000000000000000000e+00
1.037884304874713504e+00,-5.084304936072772674e-02,1.000000000000000000e+00
4.864348072318572802e-01,1.189437242190257260e+00,1.000000000000000000e+00
1.605942436268137374e+00,-5.758304255970209118e-02,1.000000000000000000e+00
5.037978135575935656e-01,8.734598825153669921e-01,1.000000000000000000e+00
-5.045529625949827235e-01,-3.661773820624746323e-01,-1.000000000000000000e+00
-5.367936987944793570e-02,2.186230270050214530e-01,1.000000000000000000e+00
1.195409859461693980e+00,4.935634376517908373e-03,1.000000000000000000e+00
-9.879685966405502007e-02,3.150112146181603956e-01,1.000000000000000000e+00
-2.135428340575747097e-01,-1.344755591609055612e-01,-1.000000000000000000e+00
-4.233496451348298661e-01,-4.902438562684912071e-01,-1.000000000000000000e+00
-9.302549867411116780e-02,-1.068521400183596037e-01,-1.000000000000000000e+00
1.238948807851669720e+00,-1.634265715293146959e-02,1.000000000000000000e+00
-3.826652079150636432e-01,-4.269394129794429338e-01,-1.000000000000000000e+00
-8.224900416932403591e-01,-6.619370146496614260e-02,-1.000000000000000000e+00
-1.200686768625947309e-01,-1.135274063959289814e-01,-1.000000000000000000e+00
-1.193199535182087601e-01,3.066151070346493368e-01,1.000000000000000000e+00
7.478233119395705231e-02,1.111341293582846085e-01,1.000000000000000000e+00
-3.536797232532644664e-01,-5.836784158936312306e-01,-1.000000000000000000e+00
-2.502572649653952430e-01,-1.032301197562194739e+00,-1.000000000000000000e+00
1.030070933930110066e-01,9.166806476952328586e-02,1.000000000000000000e+00
3.605457157682906422e-02,6.003429567429329206e-01,1.000000000000000000e+00
-8.234316023862318090e-01,1.086869350548923807e-01,-1.000000000000000000e+00
-1.881759075397281544e-01,3.471006371558039705e-01,1.000000000000000000e+00
-1.554850522162913196e+00,1.358214297728970454e-01,-1.000000000000000000e+00
3.448397229809802012e-02,-5.852146350492993809e-01,-1.000000000000000000e+00
5.184835903201350654e-02,3.863633549154600333e-01,1.000000000000000000e+00
-2.455722877123911185e-01,-5.333420988467799662e-01,-1.000000000000000000e+00
1.435919867650604642e-01,1.112302480069177646e+00,1.000000000000000000e+00
5.703758011779357373e-01,1.161045545883551577e+00,1.000000000000000000e+00
7.986068785580066054e-01,9.192260227621505964e-01,1.000000000000000000e+00
1.719156042589669864e-01,-7.201534178342449133e-01,-1.000000000000000000e+00
-1.716888057945280821e-01,-1.369940669063353933e-01,-1.000000000000000000e+00
5.715504329364279323e-01,-7.057834599692752731e-02,1.000000000000000000e+00
1.123148034000553963e+00,-3.107301614642670184e-01,1.000000000000000000e+00
-6.942770818636603836e-03,2.254855231712910579e-01,1.000000000000000000e+00
3.383978994128156170e-01,-1.592813162984129116e+00,-1.000000000000000000e+00
-4.045054916997731231e-01,-8.343249583386121992e-01,-1.000000000000000000e+00
-4.746233936038517509e-01,-9.441659884785837953e-01,-1.000000000000000000e+00
-4.131191021561119170e-01,-1.260034195952933533e+00,-1.000000000000000000e+00
-3.152271068471899085e-01,-1.296034816997047034e+00,-1.000000000000000000e+00
-1.221176427079866622e+00,-9.977339662504672302e-02,-1.000000000000000000e+00
2.140954040685733584e-01,2.195748916980526100e-01,1.000000000000000000e+00
-5.713427428223075838e-02,-3.260123397172736137e-01,-1.000000000000000000e+00
-1.122623438878484481e-01,-1.299081765420894430e-01,-1.000000000000000000e+00
1.023243835681119540e+00,7.389081524596041728e-01,1.000000000000000000e+00
-2.709704278856256421e-01,-2.294477709365399520e-01,-1.000000000000000000e+00
-1.065008055993460268e+00,3.271851748222577294e-01,-1.000000000000000000e+00
1.015574262070387396e-01,9.586443919826150017e-02,1.000000000000000000e+00
-2.697311652002520876e-01,4.068111272559784553e-01,1.000000000000000000e+00
7.184833462022613970e-01,-1.119458084492019667e+00,-1.000000000000000000e+00
1.063114306514651164e-01,1.384319673555781671e+00,1.000000000000000000e+00
3.043708241666679415e-01,1.233766308960023927e+00,1.000000000000000000e+00
-3.417376010087571636e-01,-1.175246807019699469e-01,-1.000000000000000000e+00
-5.725667039299251471e-01,-3.408806458633636405e-01,-1.000000000000000000e+00
1.176224999271525018e+00,-1.202369727385761977e-01,1.000000000000000000e+00
1.188833324967398575e+00,-1.193993705199992705e+00,-1.000000000000000000e+00
6.059178855748181824e-01,1.585267576417247914e+00,1.000000000000000000e+00
-1.486222100870020213e-02,-1.254443678276466301e+00,-1.000000000000000000e+00
-1.968638298192979252e-01,-1.999125891879417471e-01,-1.000000000000000000e+00
2.181758401447459195e-01,-1.256265662639348468e+00,-1.000000000000000000e+00
1.434693942785493226e+00,-2.780421006839350895e-01,1.000000000000000000e+00
3.844131466723147428e-01,3.710225330041297953e-01,1.000000000000000000e+00
1.210770322903475860e+00,-2.636866883164250552e-01,1.000000000000000000e+00
-2.705664620624546046e-01,1.144686030937550836e+00,1.000000000000000000e+00
-1.796565410048579225e-01,4.183032798760142335e-01,1.000000000000000000e+00
-6.046605859275613892e-02,2.671928571165977928e-01,1.000000000000000000e+00
1.297802159957066881e-01,-2.366910019650547703e-01,-1.000000000000000000e+00
-1.928862253009207273e-01,-1.941671415208708340e-01,-1.000000000000000000e+00
-1.804415138945217323e-01,-8.614514675375002373e-01,-1.000000000000000000e+00
1.434083099104763726e+00,2.214594698847657528e-01,1.000000000000000000e+00
1.349208081682158111e+00,2.528244565647290720e-01,1.000000000000000000e+00
-1.628819704128518508e-01,-7.058566998806753423e-01,-1.000000000000000000e+00
7.638970395045716621e-01,-1.915502494462944238e-01,1.000000000000000000e+00
-1.971389284447530588e-01,-2.038663201380577772e-01,-1.000000000000000000e+00
4.797453214169795921e-02,1.697995368447760556e-01,1.000000000000000000e+00
-1.633984767233594704e-01,4.355841950168285459e-01,1.000000000000000000e+00
4.176782527527578975e-02,1.214095208276784327e-01,1.000000000000000000e+00
3.990932050191264846e-01,-4.732107663543025367e-03,1.000000000000000000e+00
1.221393928061925427e-01,5.414630059497635983e-01,1.000000000000000000e+00
8.515508265341389382e-01,-1.112359058362923370e-01,1.000000000000000000e+00
1.084049911835180513e+00,-1.146484656183851092e+00,-1.000000000000000000e+00
3.160858593758343327e-01,8.205612460572201394e-01,1.000000000000000000e+00
6.817241782945154815e-01,1.702058286692551103e+00,1.000000000000000000e+00
-2.512249066594061109e-01,5.791914663033321808e-01,1.000000000000000000e+00
1.126197081602125838e+00,7.814920216544639642e-01,1.000000000000000000e+00
-3.789078246354400381e-01,4.879215740570804760e-01,1.000000000000000000e+00
2.001579999656935283e-01,-1.605975702500536784e+00,-1.000000000000000000e+00
-1.793515961647588752e-01,-1.445774586660626970e-01,-1.000000000000000000e+00
-8.155393138374140705e-01,6.192819858466369620e-02,-1.000000000000000000e+00
-1.112530193111876120e-01,-3.088523387670480957e-01,-1.000000000000000000e+00
8.081386143676673184e-01,1.103478885820467492e-01,1.000000000000000000e+00
5.782180042961688748e-01,-1.777736300320699181e+00,-1.000000000000000000e+00
-6.182592132864649370e-01,-4.195212333207986033e-01,-1.000000000000000000e+00
-3.499556133328264318e-01,-1.111710733642752524e+00,-1.000000000000000000e+00
1.091609846169129483e+00,-1.663743084508763903e-01,1.000000000000000000e+00
-1.055851011700894126e+00,-2.338298653929425375e-01,-1.000000000000000000e+00
6.479887555321047765e-01,2.797502487914236280e-01,1.000000000000000000e+00
-7.292430291330000980e-01,-7.648931782541282254e-02,-1.000000000000000000e+00
4.924450829859648993e-01,-4.531154400507897417e-01,-1.000000000000000000e+00
1.201829378043719698e+00,-2.628878241027068352e-01,1.000000000000000000e+00
9.665010036895790302e-01,1.042224809839257249e+00,1.000000000000000000e+00
6.042527593206249437e-01,-5.053493694369735056e-01,-1.000000000000000000e+00
-3.507463086118842721e-01,6.564791006660818384e-01,1.000000000000000000e+00
-5.897880712465832787e-01,4.730503043851559397e-01,1.000000000000000000e+00
4.037672985723276264e-01,1.627239509830198383e-01,1.000000000000000000e+00
1.244993746847640470e-01,8.557543290974740924e-02,1.000000000000000000e+00
-1.204948524209759952e+00,1.348376316475877468e-01,-1.000000000000000000e+00
-6.032224872224573042e-04,2.316530047554928307e-01,1.000000000000000000e+00
-9.875492706117379171e-01,2.914214975009389308e-01,-1.000000000000000000e+00
1.195903634689001183e-01,1.262457947693738092e-01,1.000000000000000000e+00
1.551290577624253819e+00,2.194280413696307885e-01,1.000000000000000000e+00
4.275289638525323621e-01,-1.478670799741797603e+00,-1.000000000000000000e+00
6.320994932920521725e-01,-1.129094747641848251e+00,-1.000000000000000000e+00
-4.093269489475114264e-01,-8.725452188170106371e-01,-1.000000000000000000e+00
1.151789251909083323e-01,1.566309110582809749e-01,1.000000000000000000e+00
9.888213355017484441e-01,-3.240968496120898434e-01,1.000000000000000000e+00
-4.594144616465730691e-01,-5.337950050497167753e-01,-1.000000000000000000e+00
8.708687131815926463e-01,-1.061935569162369530e+00,-1.000000000000000000e+00
1.077289435924742467e+00,2.121524576773498871e-01,1.000000000000000000e+00
6.585887557359000333e-01,-4.651821173864820747e-01,-1.000000000000000000e+00
-1.042910715207964745e-02,-1.699578164582584705e+00,-1.000000000000000000e+00
-2.666882736612545823e-01,-1.286562062215861557e+00,-1.000000000000000000e+00
7.988283671206306558e-01,8.930846048365548295e-01,1.000000000000000000e+00
-4.412410571139092630e-01,6.158983724113198388e-02,-1.000000000000000000e+00
